{
  "model": "rf_tuned_v1_20251113_2227.pkl",
  "holdout_accuracy": 0.7176506576934842,
  "holdout_f1_macro": 0.591179548215485,
  "best_params": {
    "n_estimators": 800,
    "min_samples_split": 10,
    "min_samples_leaf": 4,
    "max_features": 0.3,
    "max_depth": 30
  },
  "cv_best_score": 0.5793469129644688
}